<?xml version="1.0" encoding="UTF-8"?>
<project-private xmlns="http://www.netbeans.org/ns/project-private/1">
    <editor-bookmarks xmlns="http://www.netbeans.org/ns/editor-bookmarks/2" lastBookmarkId="0"/>
    <open-files xmlns="http://www.netbeans.org/ns/projectui-open-files/2">
        <group>
            <file>file:/E:/POE%20FINAL/POE%20FINAL%20st10100073/nbproject/private/private.xml</file>
            <file>file:/E:/POE%20FINAL/POE%20FINAL%20st10100073/test/TaskTest.java</file>
            <file>file:/E:/POE%20FINAL/POE%20FINAL%20st10100073/manifest.mf</file>
            <file>file:/E:/POE%20FINAL/POE%20FINAL%20st10100073/nbproject/genfiles.properties</file>
            <file>file:/E:/POE%20FINAL/POE%20FINAL%20st10100073/nbproject/private/private.properties</file>
            <file>file:/E:/POE%20FINAL/POE%20FINAL%20st10100073/src/ShowReport.java</file>
            <file>file:/E:/POE%20FINAL/POE%20FINAL%20st10100073/nbproject/private/retriever/catalog.xml</file>
            <file>file:/E:/POE%20FINAL/POE%20FINAL%20st10100073/nbproject/build-impl.xml</file>
            <file>file:/E:/POE%20FINAL/POE%20FINAL%20st10100073/src/Task.java</file>
            <file>file:/E:/POE%20FINAL/POE%20FINAL%20st10100073/nbproject/project.properties</file>
            <file>file:/E:/POE%20FINAL/POE%20FINAL%20st10100073/.gitignore</file>
            <file>file:/E:/POE%20FINAL/POE%20FINAL%20st10100073/test/LoginTest.java</file>
            <file>file:/E:/POE%20FINAL/POE%20FINAL%20st10100073/build.xml</file>
            <file>file:/E:/POE%20FINAL/POE%20FINAL%20st10100073/src/Login.java</file>
            <file>file:/E:/POE%20FINAL/POE%20FINAL%20st10100073/test/ShowReportTest.java</file>
            <file>file:/E:/POE%20FINAL/POE%20FINAL%20st10100073/nbproject/project.xml</file>
        </group>
    </open-files>
</project-private>
